INSERT INTO departments (id, department_name, zone) VALUES
  ('00000003-0000-0000-0000-000000000001', 'San Salvador',  'CENTRO'),
  ('00000003-0000-0000-0000-000000000002', 'Santa Ana',     'OCCIDENTE'),
  ('00000003-0000-0000-0000-000000000003', 'Sonsonate',     'OCCIDENTE'),
  ('00000003-0000-0000-0000-000000000004', 'Usulután',      'ORIENTE'),
  ('00000003-0000-0000-0000-000000000005', 'La Libertad',   'SUR'),
  ('00000003-0000-0000-0000-000000000006', 'Chalatenango',  'NORTE');

INSERT INTO municipalities (id, municipality_name, department_id) VALUES
  ('00000004-0000-0000-0000-000000000001', 'Soyapango',    '00000003-0000-0000-0000-000000000001'),
  ('00000004-0000-0000-0000-000000000002', 'Mejicanos',    '00000003-0000-0000-0000-000000000001'),
  ('00000004-0000-0000-0000-000000000003', 'Apopa',        '00000003-0000-0000-0000-000000000001'),
  ('00000004-0000-0000-0000-000000000004', 'Santa Ana',    '00000003-0000-0000-0000-000000000002'),
  ('00000004-0000-0000-0000-000000000005', 'Chalchuapa',   '00000003-0000-0000-0000-000000000002'),
  ('00000004-0000-0000-0000-000000000006', 'La Palma',     '00000003-0000-0000-0000-000000000006'),
  ('00000004-0000-0000-0000-000000000007', 'Zacatecoluca', '00000003-0000-0000-0000-000000000005');

INSERT INTO addresses (id, department_id, municipality_id, street, neighborhood) VALUES
  ('00000005-0000-0000-0000-000000000001','00000003-0000-0000-0000-000000000001','00000004-0000-0000-0000-000000000001','Calle Las Margaritas #14',   'Col. El Refugio'),
  ('00000005-0000-0000-0000-000000000002','00000003-0000-0000-0000-000000000001','00000004-0000-0000-0000-000000000002','Avenida Norte #8',            'Col. Quiñónez'),
  ('00000005-0000-0000-0000-000000000003','00000003-0000-0000-0000-000000000002','00000004-0000-0000-0000-000000000004','Calle Independencia #22',     'Barrio Sta. Bárbara'),
  ('00000005-0000-0000-0000-000000000004','00000003-0000-0000-0000-000000000001','00000004-0000-0000-0000-000000000003','Residencial Los Pinos #5',    'Urb. Lomas del Norte'),
  ('00000005-0000-0000-0000-000000000005','00000003-0000-0000-0000-000000000004','00000004-0000-0000-0000-000000000007','Calle Principal #3',          'Barrio El Centro'),
  ('00000005-0000-0000-0000-000000000006','00000003-0000-0000-0000-000000000006','00000004-0000-0000-0000-000000000006','Calle Real #9',               'Col. Las Flores'),
  ('00000005-0000-0000-0000-000000000007','00000003-0000-0000-0000-000000000001','00000004-0000-0000-0000-000000000001','Bulevar del Ejército km 7',   'Barrio San Jacinto'),
  ('00000005-0000-0000-0000-000000000008','00000003-0000-0000-0000-000000000002','00000004-0000-0000-0000-000000000005','Avenida Chalchuapa #12',      'Col. San Jorge');

-- (6 civils + 5 policies)
INSERT INTO persons (id, full_name, dui, phone, address_id) VALUES
  ('00000006-0000-0000-0000-000000000001','Carlos Alberto Martínez López',        '01234567-8','7654-3210','00000005-0000-0000-0000-000000000001'),
  ('00000006-0000-0000-0000-000000000002','María Fernanda González Rivas',         '09876543-2','7654-0001','00000005-0000-0000-0000-000000000002'),
  ('00000006-0000-0000-0000-000000000003','Jorge Eduardo Ramírez Cruz',            '11223344-5','7123-4567','00000005-0000-0000-0000-000000000003'),
  ('00000006-0000-0000-0000-000000000004','Luisa Patricia Herrera Mejía',          '55667788-9','7890-1234','00000005-0000-0000-0000-000000000004'),
  ('00000006-0000-0000-0000-000000000005','Roberto Antonio Flores Díaz',           '99887766-0','7000-1111','00000005-0000-0000-0000-000000000005'),
  ('00000006-0000-0000-0000-000000000006','Ana Cecilia Vásquez Portillo',          '44332211-7','7222-3333','00000005-0000-0000-0000-000000000006'),
  ('00000006-0000-0000-0000-000000000007','Inspector Hugo Ernesto Zelaya Morales', '12345678-0','7100-2200','00000005-0000-0000-0000-000000000007'),
  ('00000006-0000-0000-0000-000000000008','Agente Rosa Elena Chávez Monterrosa',   '23456789-1','7100-3300','00000005-0000-0000-0000-000000000008'),
  ('00000006-0000-0000-0000-000000000009','Subinspector Marco Aurelio Peña Castro','34567890-2','7100-4400','00000005-0000-0000-0000-000000000001'),
  ('00000006-0000-0000-0000-000000000010','Director Rubén Alonso Gutiérrez Salinas','45678901-3','7100-5500','00000005-0000-0000-0000-000000000003'),
  ('00000006-0000-0000-0000-000000000011','Directora Carmen Beatriz López Serrano', '56789012-4','7100-6600','00000005-0000-0000-0000-000000000002');

INSERT INTO police_stations (id, station_name, address_id, director_id) VALUES
  ('00000007-0000-0000-0000-000000000001','Delegación PNC Soyapango','00000005-0000-0000-0000-000000000007', NULL),
  ('00000007-0000-0000-0000-000000000002','Delegación PNC Santa Ana','00000005-0000-0000-0000-000000000008', NULL);

INSERT INTO police_officers (id, person_id, police_station_id, police_code, badge_number) VALUES
  ('00000008-0000-0000-0000-000000000001','00000006-0000-0000-0000-000000000007','00000007-0000-0000-0000-000000000001','PNC-001',    'B-0001'),
  ('00000008-0000-0000-0000-000000000002','00000006-0000-0000-0000-000000000008','00000007-0000-0000-0000-000000000001','PNC-002',    'B-0002'),
  ('00000008-0000-0000-0000-000000000003','00000006-0000-0000-0000-000000000009','00000007-0000-0000-0000-000000000002','PNC-003',    'B-0003'),
  ('00000008-0000-0000-0000-000000000004','00000006-0000-0000-0000-000000000010','00000007-0000-0000-0000-000000000001','PNC-DIR-01', 'B-0100'),
  ('00000008-0000-0000-0000-000000000005','00000006-0000-0000-0000-000000000011','00000007-0000-0000-0000-000000000002','PNC-DIR-02', 'B-0200');

-- Assign directors to stations
UPDATE police_stations SET director_id = '00000008-0000-0000-0000-000000000004' WHERE id = '00000007-0000-0000-0000-000000000001';
UPDATE police_stations SET director_id = '00000008-0000-0000-0000-000000000005' WHERE id = '00000007-0000-0000-0000-000000000002';

INSERT INTO charges (id, charge_date, accuser_id, accused_id, charge_type, description, police_officer_id) VALUES
  (gen_random_uuid(),'2024-03-15','00000006-0000-0000-0000-000000000007','00000006-0000-0000-0000-000000000001','PENAL',    'Sospechoso de robo con violencia en comercio de la zona',    '00000008-0000-0000-0000-000000000001'),
  (gen_random_uuid(),'2024-05-22','00000006-0000-0000-0000-000000000008','00000006-0000-0000-0000-000000000001','PROCESAL', 'Desobediencia a orden judicial de alejamiento',               '00000008-0000-0000-0000-000000000002'),
  (gen_random_uuid(),'2024-08-10','00000006-0000-0000-0000-000000000007','00000006-0000-0000-0000-000000000003','PENAL',    'Tenencia ilegal de armas de fuego sin permiso',               '00000008-0000-0000-0000-000000000001'),
  (gen_random_uuid(),'2025-01-05','00000006-0000-0000-0000-000000000009','00000006-0000-0000-0000-000000000005','PENAL',    'Conducción bajo efectos del alcohol y colisión vial',         '00000008-0000-0000-0000-000000000003'),
  (gen_random_uuid(),'2025-02-18','00000006-0000-0000-0000-000000000008','00000006-0000-0000-0000-000000000002','PROCESAL', 'Fraude documental ante institución pública',                  '00000008-0000-0000-0000-000000000004'),
  (gen_random_uuid(),'2025-04-03','00000006-0000-0000-0000-000000000007','00000006-0000-0000-0000-000000000004','PENAL',    'Amenazas reiteradas con arma blanca a vecinos del sector',    '00000008-0000-0000-0000-000000000001');
